week,user,class
0,petronella,0
0,tann,1
0,mikhail,2
0,cristine,2
1,lori,0
1,kendre,1
1,mackenzie,2
1,ave,2
2,concettina,0
2,othello,1
2,aubrey,2
2,deny,2
3,sherry,0
3,ronnie,1
3,todd,2
3,mathew,2
4,lamar,0
4,kelsey,1
4,kelila,2
4,tania,2
5,tierney,0
5,audie,1
5,albina,2
5,taddeo,2
6,jandy,0
6,felice,1
6,caspar,2
6,giana,2
7,kath,0
7,gunilla,1
7,blare,2
7,tillie,2
8,nat,0
8,elsey,1
8,thor,2
8,woody,2
9,hyacinthia,0
9,hadria,1
9,fernande,2
9,quinn,2
10,bea,0
10,joyous,1
10,noreen,2
10,fergus,2
11,idelle,0
11,benedicta,1
11,erminie,2
11,zarah,2
12,ray,0
12,berty,1
12,lew,2
12,sharleen,2
13,ashlen,0
13,hilarie,1
13,mika,2
13,dove,2
14,vinnie,0
14,connor,1
14,kerrill,2
14,emmi,2
15,olympie,0
15,callie,1
15,yardley,2
15,lynde,2
16,pen,0
16,dyanna,1
16,fabian,2
16,munmro,2
17,bernetta,0
17,shaylyn,1
17,adams,2
17,erina,2
18,ely,0
18,opal,1
18,caritta,2
18,george,2
19,arlana,0
19,levon,1
19,sabine,2
19,odin,2
20,georgeta,0
20,seymour,1
20,hanna,2
20,carly,2
21,evy,0
21,kala,1
21,mareah,2
21,roosevelt,2
22,tedda,0
22,nichols,1
22,courtney,2
22,gertie,2
23,yehudi,0
23,mellissa,1
23,bartlett,2
23,emmit,2
24,devin,0
24,rosy,1
24,elissa,2
24,fabio,2
25,shep,0
25,cy,1
25,darrel,2
25,franny,2
26,durante,0
26,erich,1
26,salvador,2
26,keeley,2
27,johnathan,0
27,mitchel,1
27,yard,2
27,adolphus,2
28,penny,0
28,jerold,1
28,kaleena,2
28,taryn,2
29,pamella,0
29,flora,1
29,joceline,2
29,ranna,2
30,rodolfo,0
30,elnar,1
30,farah,2
30,benton,2
31,rebecca,0
31,lenard,1
31,jeremie,2
31,willie,2
32,elisha,0
32,leanora,1
32,maurene,2
32,malinda,2
33,bo,0
33,terina,1
33,armando,2
33,corrine,2
34,marleen,0
34,laurette,1
34,dorian,2
34,sibbie,2
35,chan,0
35,tisha,1
35,danika,2
35,michaelina,2
36,blondie,0
36,tomlin,1
36,ransom,2
36,maxim,2
37,ferdinande,0
37,grady,1
37,madison,2
37,lauri,2
38,lennie,0
38,hilarie,1
38,gabbey,2
38,graham,2
39,ned,0
39,tamas,1
39,clareta,2
39,durant,2
40,silvano,0
40,rosene,1
40,danelle,2
40,blair,2
41,jeromy,0
41,sheryl,1
41,daryle,2
41,petronia,2
42,deedee,0
42,adel,1
42,gerry,2
42,alonso,2
43,hanni,0
43,finn,1
43,hildegarde,2
43,giancarlo,2
44,asia,0
44,diahann,1
44,enid,2
44,kirstin,2
45,ferdinand,0
45,lamar,1
45,cammy,2
45,margette,2
46,luke,0
46,lex,1
46,fatima,2
46,max,2
47,ruby,0
47,mira,1
47,darby,2
47,cathlene,2
48,theadora,0
48,juergen,1
48,ravi,2
48,quincey,2
49,sapphire,0
49,sylvie,1
49,cheryl,2
49,carlotta,2
50,sheffie,0
50,annecorinne,1
50,samaria,2
50,bill,2
51,avram,0
51,schroeder,1
51,berenice,2
51,nelie,2
52,michelina,0
52,judah,1
52,rollins,2
52,lanny,2
53,abbey,0
53,marmaduke,1
53,torre,2
53,oliver,2
54,jaquelyn,0
54,pincus,1
54,ruthanne,2
54,isobel,2
55,yoko,0
55,raymundo,1
55,clementine,2
55,tommie,2
56,gusty,0
56,haskell,1
56,bette,2
56,sara-ann,2
57,georgie,0
57,dorie,1
57,rochell,2
57,horatius,2
58,cynthia,0
58,martelle,1
58,claudetta,2
58,mace,2
59,frederico,0
59,tamar,1
59,siana,2
59,ramsey,2
60,rebe,0
60,marylin,1
60,chelsy,2
60,aaron,2
61,nil,0
61,sunny,1
61,ira,2
61,beatrice,2
62,antonio,0
62,osgood,1
62,roderigo,2
62,vincents,2
63,arlyn,0
63,krissy,1
63,lonna,2
63,reeva,2
64,berkie,0
64,lilly,1
64,jaclyn,2
64,lance,2
65,rivalee,0
65,matilda,1
65,justin,2
65,johnathan,2
66,see,0
66,urban,1
66,nickie,2
66,averil,2
67,nadeen,0
67,alwin,1
67,hasheem,2
67,kittie,2
68,walden,0
68,caitlin,1
68,harold,2
68,mahmoud,2
69,natty,0
69,tori,1
69,dannie,2
69,idelle,2
70,kaiser,0
70,suki,1
70,seline,2
70,valentin,2
71,jillian,0
71,natalina,1
71,pepe,2
71,cammy,2
72,harmony,0
72,hastings,1
72,jenine,2
72,cleopatra,2
73,debor,0
73,joey,1
73,avril,2
73,quinton,2
74,vivien,0
74,sammy,1
74,tim,2
74,sunny,2
75,gershon,0
75,paulita,1
75,timotheus,2
75,marybelle,2
76,warde,0
76,malva,1
76,tammy,2
76,wheeler,2
77,jacquetta,0
77,maurise,1
77,carlyn,2
77,lissa,2
78,keelia,0
78,merrick,1
78,dunstan,2
78,tonnie,2
79,saundra,0
79,keith,1
79,claybourne,2
79,andreas,2
80,olga,0
80,nissie,1
80,chicky,2
80,langston,2
81,carmella,0
81,stacia,1
81,thayne,2
81,bobbie,2
82,patric,0
82,alidia,1
82,stanton,2
82,shana,2
83,romola,0
83,mercy,1
83,wes,2
83,fleurette,2
84,mattheus,0
84,abigale,1
84,verge,2
84,stefania,2
85,sonny,0
85,vina,1
85,karlen,2
85,hamid,2
86,frankie,0
86,mandi,1
86,jaine,2
86,webster,2
87,xaviera,0
87,reena,1
87,alyson,2
87,vicki,2
88,kelley,0
88,brandy,1
88,cinda,2
88,buffy,2
89,tom,0
89,bruce,1
89,rorie,2
89,vivi,2
90,inglebert,0
90,judith,1
90,charleen,2
90,enid,2
91,anthe,0
91,marcelia,1
91,dido,2
91,lucio,2
92,theodore,0
92,virge,1
92,waylin,2
92,stacy,2
93,sacha,0
93,alexis,1
93,norma,2
93,lura,2
94,ehud,0
94,cristin,1
94,anabella,2
94,vaughn,2
95,ibbie,0
95,ursuline,1
95,rhianon,2
95,devon,2
96,sher,0
96,philly,1
96,ishmael,2
96,delphine,2
97,celine,0
97,alic,1
97,chadd,2
97,cherri,2
98,dore,0
98,kacey,1
98,corri,2
98,alisa,2
99,shoshanna,0
99,elvin,1
99,jeane,2
99,celestyn,2
100,lorianne,0
100,nikkie,1
100,luciano,2
100,clem,2
101,oralee,0
101,ofilia,1
101,tammi,2
101,baldwin,2
102,anatole,0
102,timmy,1
102,gertrud,2
102,benedikta,2
103,ronald,0
103,jodie,1
103,jehu,2
103,josepha,2
104,ginni,0
104,deloris,1
104,barton,2
104,eric,2
105,gypsy,0
105,gerri,1
105,elaina,2
105,salomone,2
106,freddy,0
106,aguinaldo,1
106,florry,2
106,cornelius,2
107,gerhardt,0
107,willette,1
107,annecorinne,2
107,patricia,2
108,rudd,0
108,jacki,1
108,gigi,2
108,judas,2
109,trace,0
109,roz,1
109,quint,2
109,mella,2
110,henrik,0
110,amalea,1
110,caldwell,2
110,janeczka,2
111,abdul,0
111,emilio,1
111,ignaz,2
111,gabriele,2
112,antonius,0
112,noel,1
112,claudelle,2
112,joelynn,2
113,tallia,0
113,emmye,1
113,dianna,2
113,harri,2
114,jay,0
114,don,1
114,carmina,2
114,tiffie,2
115,elisabetta,0
115,thorstein,1
115,lilla,2
115,cleland,2
116,clem,0
116,hermy,1
116,morlee,2
116,marisa,2
117,haskel,0
117,rivi,1
117,tod,2
117,domenic,2
118,roanna,0
118,sandy,1
118,alex,2
118,robenia,2
119,carlton,0
119,danyelle,1
119,maurits,2
119,gwyneth,2
120,priscilla,0
120,vonni,1
120,edgardo,2
120,wallis,2
121,lyn,0
121,mallorie,1
121,sisile,2
121,patrick,2
122,rudy,0
122,babs,1
122,igor,2
122,elsie,2
123,aliza,0
123,pauletta,1
123,maisey,2
123,brook,2
124,kaster,0
124,wolfie,1
124,bentley,2
124,iris,2
125,marysa,0
125,julie,1
125,gene,2
125,aleece,2
126,phillida,0
126,clayton,1
126,lyndsie,2
126,damita,2
127,madelyn,0
127,hale,1
127,bronson,2
127,florette,2
128,roxy,0
128,ashton,1
128,norri,2
128,saraann,2
129,myrna,0
129,berthe,1
129,agatha,2
129,martina,2
130,paloma,0
130,goldi,1
130,anatol,2
130,hagan,2
131,evangelin,0
131,mabelle,1
131,adam,2
131,con,2
132,agace,0
132,stewart,1
132,vassily,2
132,britney,2
133,maynord,0
133,dolley,1
133,adiana,2
133,jobina,2
134,scotti,0
134,luciana,1
134,cyrill,2
134,hartwell,2
135,eden,0
135,barnett,1
135,katee,2
135,lorie,2
136,hedvig,0
136,willetta,1
136,ruperto,2
136,tedi,2
137,cody,0
137,ranna,1
137,barnaby,2
137,joete,2
138,irina,0
138,loella,1
138,kristian,2
138,ramsay,2
139,cybel,0
139,aaron,1
139,laryssa,2
139,nahum,2
140,marchelle,0
140,karel,1
140,samuela,2
140,jervis,2
141,devon,0
141,benetta,1
141,becky,2
141,raphael,2
142,solange,0
142,jake,1
142,deny,2
142,lothar,2
143,cyril,0
143,eolanda,1
143,basil,2
143,mireille,2
144,kathryne,0
144,shawnee,1
144,celestina,2
144,erinna,2
145,marlowe,0
145,meade,1
145,adolf,2
145,marv,2
146,acacia,0
146,josselyn,1
146,myrtice,2
146,peirce,2
147,kerstin,0
147,amadeus,1
147,witold,2
147,ibrahim,2
148,osborn,0
148,farica,1
148,adams,2
148,luanna,2
149,cassandre,0
149,ashish,1
149,ransom,2
149,esau,2
150,caleb,0
150,maxfield,1
150,sonja,2
150,natalya,2
151,rebbecca,0
151,geoffry,1
151,austina,2
151,tana,2
152,andria,0
152,plato,1
152,constancy,2
152,velma,2
153,gae,0
153,ruddy,1
153,simone,2
153,lurette,2
154,lanni,0
154,lucia,1
154,elva,2
154,josy,2
155,abdullah,0
155,wain,1
155,douglas,2
155,kevin,2
156,sheilakathryn,0
156,wright,1
156,lyndsie,2
156,adriena,2
157,kelcy,0
157,saunders,1
157,stephan,2
157,francisco,2
158,sayres,0
158,candy,1
158,byron,2
158,wyn,2
159,austin,0
159,clarissa,1
159,ilise,2
159,nisse,2
160,nicky,0
160,norma,1
160,ariella,2
160,ardella,2
161,rora,0
161,coralyn,1
161,peg,2
161,grazia,2
162,francis,0
162,janie,1
162,floyd,2
162,norry,2
163,lynna,0
163,oral,1
163,valenka,2
163,nolie,2
164,miguela,0
164,jenica,1
164,loralyn,2
164,joell,2
165,yves,0
165,lane,1
165,christorpher,2
165,clifford,2
166,fortune,0
166,dorella,1
166,melloney,2
166,dorothy,2
167,emmit,0
167,philip,1
167,erhart,2
167,raymond,2
168,godart,0
168,teriann,1
168,lavina,2
168,shorty,2
169,issy,0
169,lyndsay,1
169,fleurette,2
169,cindy,2
170,jotham,0
170,judas,1
170,alfie,2
170,gerti,2
171,janos,0
171,allah,1
171,jonie,2
171,moises,2
172,constantina,0
172,goldarina,1
172,hermione,2
172,lemmie,2
173,bartholomeus,0
173,mora,1
173,scott,2
173,seth,2
174,paulita,0
174,collie,1
174,denise,2
174,leeann,2
175,waldon,0
175,mary,1
175,misty,2
175,micheal,2
176,oralla,0
176,meridel,1
176,lizbeth,2
176,elizabeth,2
177,beverlie,0
177,courtney,1
177,desiree,2
177,john,2
178,alvira,0
178,marlin,1
178,hugo,2
178,stafford,2
179,wojciech,0
179,chelsea,1
179,molli,2
179,yovonnda,2
180,elsi,0
180,simonette,1
180,genny,2
180,ibrahim,2
181,brana,0
181,alonzo,1
181,cherri,2
181,astrid,2
182,ingunna,0
182,woodrow,1
182,gilly,2
182,hyacintha,2
183,emalee,0
183,helene,1
183,madalyn,2
183,norris,2
184,gusti,0
184,broddie,1
184,lee,2
184,anetta,2
185,garrot,0
185,emilie,1
185,berry,2
185,clive,2
186,rivi,0
186,quinlan,1
186,dionis,2
186,gavriel,2
187,tedra,0
187,bertine,1
187,dedra,2
187,ardyth,2
188,stephen,0
188,deena,1
188,pammie,2
188,derrick,2
189,ambrose,0
189,sapphira,1
189,ronna,2
189,yehudit,2
190,benetta,0
190,rory,1
190,verena,2
190,jeffrey,2
191,georgie,0
191,kingsley,1
191,lacee,2
191,ole,2
192,salomon,0
192,farley,1
192,ivett,2
192,normand,2
193,connolly,0
193,thaxter,1
193,fraser,2
193,mandi,2
194,woodman,0
194,liuka,1
194,cybal,2
194,vladamir,2
195,neal,0
195,thomasa,1
195,leland,2
195,karsten,2
196,vera,0
196,jo-ann,1
196,clara,2
196,andra,2
197,filbert,0
197,bartholemy,1
197,jakob,2
197,vladimir,2
198,joshuah,0
198,shanan,1
198,mendel,2
198,lauren,2
199,trevar,0
199,gilberte,1
199,elroy,2
199,korie,2
200,cordie,0
200,elyssa,1
200,jackquelin,2
200,chantalle,2
201,alleen,0
201,merrill,1
201,wolfgang,2
201,lurline,2
202,debbi,0
202,kattie,1
202,naoma,2
202,gerty,2
203,nelli,0
203,julian,1
203,ave,2
203,effie,2
204,rochester,0
204,doreen,1
204,morlee,2
204,terra,2
205,ernest,0
205,cecelia,1
205,marjorie,2
205,hanford,2
206,regan,0
206,jacquenetta,1
206,nadiya,2
206,scotty,2
207,diena,0
207,reube,1
207,evangelin,2
207,nelia,2
208,taite,0
208,ansel,1
208,frans,2
208,kelley,2
209,emlyn,0
209,halimeda,1
209,valina,2
209,connie,2
210,alicia,0
210,randolf,1
210,bennie,2
210,tiffany,2
211,sigmund,0
211,janot,1
211,tobe,2
211,nataline,2
212,fonzie,0
212,diane,1
212,harwell,2
212,karin,2
213,danita,0
213,heywood,1
213,ilana,2
213,godiva,2
214,sheela,0
214,adiana,1
214,penn,2
214,kaylyn,2
215,dorita,0
215,brett,1
215,forest,2
215,donnie,2
216,gladis,0
216,millie,1
216,starlin,2
216,gustaf,2
217,felice,0
217,elsinore,1
217,erin,2
217,virgie,2
218,stesha,0
218,tuckie,1
218,sophi,2
218,randolf,2
219,apollo,0
219,carrissa,1
219,sussi,2
219,burke,2
220,abigail,0
220,marsh,1
220,rafael,2
220,lora,2
221,dorella,0
221,cob,1
221,theresina,2
221,ag,2
222,gary,0
222,jervis,1
222,jemie,2
222,fredra,2
223,evelina,0
223,jorge,1
223,vibhu,2
223,alic,2
224,theodora,0
224,humphrey,1
224,kingsley,2
224,elijah,2
225,la,0
225,doralyn,1
225,rasia,2
225,brook,2
226,ravi,0
226,demosthenis,1
226,guthry,2
226,bethina,2
227,greggory,0
227,wenona,1
227,giuseppe,2
227,marjie,2
228,sauncho,0
228,avrom,1
228,averil,2
228,melody,2
229,filbert,0
229,cindi,1
229,pincus,2
229,witold,2
230,randy,0
230,thorsten,1
230,claude,2
230,rosetta,2
231,eddi,0
231,nisse,1
231,sofie,2
231,janelle,2
232,colleen,0
232,kora,1
232,pedro,2
232,rubie,2
233,sidonnie,0
233,penny,1
233,henderson,2
233,franky,2
234,ginevra,0
234,georgia,1
234,emile,2
234,aleece,2
235,nani,0
235,deirdre,1
235,barth,2
235,clemens,2
236,othelia,0
236,willow,1
236,calli,2
236,katharine,2
237,beryl,0
237,ellynn,1
237,cody,2
237,ami,2
238,arliene,0
238,dianna,1
238,annette,2
238,barrie,2
239,wylie,0
239,verine,1
239,laurance,2
239,martainn,2
240,joyan,0
240,hilbert,1
240,emile,2
240,georgiana,2
241,randell,0
241,tim,1
241,irvine,2
241,camille,2
242,ethelyn,0
242,constancy,1
242,kare,2
242,susanne,2
243,aub,0
243,eduardo,1
243,imogen,2
243,margalit,2
244,faustine,0
244,yale,1
244,shelton,2
244,farrand,2
245,douggie,0
245,rodrigo,1
245,dulcea,2
245,sophey,2
246,bridget,0
246,jean-francois,1
246,charmane,2
246,nesta,2
247,gilberto,0
247,sammy,1
247,grissel,2
247,halie,2
248,anissa,0
248,konstance,1
248,roch,2
248,arlinda,2
249,margi,0
249,dodie,1
249,holli,2
249,aubrey,2
250,linea,0
250,elena,1
250,carlee,2
250,briny,2
251,penny,0
251,daffi,1
251,ingram,2
251,konstance,2
252,gita,0
252,churchill,1
252,jyoti,2
252,cherry,2
253,friederike,0
253,benetta,1
253,kris,2
253,ashleigh,2
254,niki,0
254,ware,1
254,waylin,2
254,agustin,2
255,clementine,0
255,wilber,1
255,wyatt,2
255,rose,2
256,clair,0
256,randolf,1
256,gershon,2
256,zsa zsa,2
257,aaron,0
257,cecilla,1
257,pattie,2
257,meridel,2
258,ange,0
258,derrin,1
258,melitta,2
258,ollie,2
259,sapphira,0
259,erina,1
259,joann,2
259,henrik,2
260,pris,0
260,barry,1
260,agatha,2
260,britaney,2
261,grace,0
261,mona,1
261,roselin,2
261,chris,2
262,arabel,0
262,ethyl,1
262,garvin,2
262,estrella,2
263,vikki,0
263,dave,1
263,hersch,2
263,rory,2
264,cecelia,0
264,flipper,1
264,chandal,2
264,staffard,2
265,liliane,0
265,ranique,1
265,chaddie,2
265,sheppard,2
266,anatol,0
266,antonius,1
266,christan,2
266,dabney,2
267,phillis,0
267,darline,1
267,dorise,2
267,concettina,2
268,russ,0
268,kakalina,1
268,obadiah,2
268,shelby,2
269,wilma,0
269,abra,1
269,xylia,2
269,johan,2
270,giralda,0
270,willi,1
270,stormy,2
270,rodge,2
271,cindie,0
271,katerine,1
271,rycca,2
271,maure,2
272,chaim,0
272,zalman,1
272,dosi,2
272,querida,2
273,haily,0
273,dania,1
273,trish,2
273,loraine,2
274,micheal,0
274,rebecka,1
274,ira,2
274,roscoe,2
275,aloysius,0
275,calla,1
275,prentice,2
275,tera,2
276,theodora,0
276,rosy,1
276,anselma,2
276,barron,2
277,tonya,0
277,pet,1
277,windy,2
277,bobinette,2
278,aurore,0
278,lovell,1
278,sidnee,2
278,dory,2
279,debora,0
279,carson,1
279,tawsha,2
279,joselyn,2
280,myrlene,0
280,gretal,1
280,rona,2
280,lin,2
281,wilona,0
281,paulita,1
281,nanny,2
281,lilias,2
282,tadeas,0
282,gilles,1
282,olenka,2
282,otes,2
283,junette,0
283,colin,1
283,carter,2
283,babette,2
284,marc,0
284,saunderson,1
284,ham,2
284,darice,2
285,waldon,0
285,rosemarie,1
285,jamie,2
285,ilyssa,2
286,olivie,0
286,eddi,1
286,arvin,2
286,danila,2
287,calla,0
287,darby,1
287,justis,2
287,quigly,2
288,courtenay,0
288,perla,1
288,pincus,2
288,alissa,2
289,trina,0
289,mamie,1
289,belle,2
289,cosetta,2
290,belinda,0
290,alexandrina,1
290,ariel,2
290,caroljean,2
291,douglas,0
291,theressa,1
291,cati,2
291,emogene,2
292,aurore,0
292,tanney,1
292,doroteya,2
292,adnan,2
293,garry,0
293,lauryn,1
293,annabela,2
293,trudie,2
294,tucky,0
294,pammie,1
294,bunnie,2
294,fancy,2
295,nancie,0
295,michele,1
295,nelli,2
295,bel,2
296,ronnie,0
296,anissa,1
296,carrissa,2
296,jorie,2
297,brynna,0
297,zea,1
297,tildi,2
297,adelle,2
298,rowena,0
298,price,1
298,marcelia,2
298,roxane,2
299,silva,0
299,muriel,1
299,berenice,2
299,rosalinda,2
300,vergil,0
300,roxanne,1
300,wyndham,2
300,leonora,2
301,shandy,0
301,lionel,1
301,walther,2
301,gustav,2
302,husain,0
302,dedra,1
302,erma,2
302,angeline,2
303,lola,0
303,chere,1
303,silvain,2
303,carlin,2
304,bette,0
304,roarke,1
304,callida,2
304,manuel,2
305,cob,0
305,fernanda,1
305,viv,2
305,sussi,2
306,jo,0
306,danika,1
306,saunderson,2
306,madonna,2
307,laurie,0
307,renie,1
307,chris,2
307,kimmo,2
308,ann-marie,0
308,nadya,1
308,bryce,2
308,rania,2
309,zulema,0
309,solly,1
309,karie,2
309,wylma,2
310,georgette,0
310,gavin,1
310,keil,2
310,adrea,2
311,dimitris,0
311,biff,1
311,devonne,2
311,brock,2
312,glenna,0
312,brynne,1
312,zacharias,2
312,annalise,2
313,pam,0
313,andie,1
313,elwyn,2
313,carlyn,2
314,gavrielle,0
314,grayce,1
314,gabriele,2
314,jerrie,2
315,debi,0
315,leonid,1
315,ronald,2
315,joannes,2
316,endora,0
316,michel,1
316,leandra,2
316,rafa,2
317,darryl,0
317,tiphanie,1
317,fae,2
317,vania,2
318,lucas,0
318,holli,1
318,lydia,2
318,chance,2
319,corry,0
319,alston,1
319,aloysia,2
319,yevette,2
320,tucky,0
320,minetta,1
320,haydon,2
320,leann,2
321,wesley,0
321,corissa,1
321,scott,2
321,gearard,2
322,edeline,0
322,ebba,1
322,clarisse,2
322,carolan,2
323,meagan,0
323,marquita,1
323,bertram,2
323,rosana,2
324,lynett,0
324,liana,1
324,sivert,2
324,elsey,2
325,tarah,0
325,samantha,1
325,konstance,2
325,rica,2
326,ambrosio,0
326,darcie,1
326,ilyssa,2
326,marquita,2
327,tessi,0
327,shay,1
327,maryellen,2
327,lindsay,2
328,hanan,0
328,iggy,1
328,lauree,2
328,eustacia,2
329,clair,0
329,ahmet,1
329,phillida,2
329,leora,2
330,shaun,0
330,malia,1
330,lyndsay,2
330,bethany,2
331,shurwood,0
331,ivie,1
331,milli,2
331,conchita,2
332,chane,0
332,cammy,1
332,nicoline,2
332,cyndy,2
333,nels,0
333,rabi,1
333,angil,2
333,grata,2
334,ellie,0
334,ginni,1
334,renato,2
334,christof,2
335,charmine,0
335,lonni,1
335,fleming,2
335,alfonso,2
336,darell,0
336,kellia,1
336,chrissy,2
336,andrea,2
337,dorena,0
337,renato,1
337,roth,2
337,mateo,2
338,calli,0
338,rivy,1
338,dmitri,2
338,therese,2
339,sibyl,0
339,camilla,1
339,calida,2
339,marsha,2
340,mendie,0
340,arden,1
340,osborn,2
340,taddeo,2
341,ava,0
341,dmitri,1
341,saundra,2
341,nerti,2
342,ardis,0
342,marrissa,1
342,zenia,2
342,iain,2
343,valeria,0
343,lucienne,1
343,christie,2
343,christophe,2
344,derby,0
344,philippe,1
344,guglielma,2
344,scarlet,2
345,luella,0
345,marissa,1
345,terencio,2
345,ismail,2
346,valaria,0
346,katalin,1
346,guillermo,2
346,thomasine,2
347,florina,0
347,aurelea,1
347,marion,2
347,junie,2
348,moya,0
348,julee,1
348,harcourt,2
348,nathaniel,2
349,zola,0
349,nelson,1
349,kirsti,2
349,lew,2
350,tasha,0
350,grissel,1
350,mitra,2
350,rebe,2
351,clarance,0
351,susana,1
351,claudetta,2
351,ninnetta,2
352,merci,0
352,roze,1
352,annice,2
352,eda,2
353,anthia,0
353,klee,1
353,jamima,2
353,flora,2
354,berrie,0
354,nolan,1
354,erwin,2
354,marlee,2
355,marge,0
355,humbert,1
355,cary,2
355,bruno,2
356,delilah,0
356,genevra,1
356,duane,2
356,cristen,2
357,inez,0
357,glyn,1
357,camala,2
357,davide,2
358,ingrid,0
358,frances,1
358,cynthea,2
358,gwendolin,2
359,shayne,0
359,ferdinanda,1
359,alex,2
359,delcine,2
360,benedict,0
360,gretna,1
360,austen,2
360,theadora,2
361,eolanda,0
361,meghan,1
361,sutton,2
361,molli,2
362,suzi,0
362,isabelita,1
362,redmond,2
362,alma,2
363,katina,0
363,lacie,1
363,kikelia,2
363,bamby,2
364,cinnamon,0
364,dolores,1
364,agata,2
364,lauretta,2
365,shelia,0
365,brook,1
365,efram,2
365,binni,2
366,antonina,0
366,craig,1
366,willard,2
366,alanna,2
367,randolf,0
367,karita,1
367,charity,2
367,chelsy,2
368,faustina,0
368,maurice,1
368,nikolai,2
368,daloris,2
369,isabelita,0
369,maison,1
369,kaye,2
369,kerrill,2
370,reggie,0
370,gabriello,1
370,angele,2
370,lea,2
371,dionysus,0
371,brooks,1
371,mercy,2
371,odetta,2
372,britt,0
372,zonnya,1
372,adolphus,2
372,netta,2
373,laverne,0
373,jaclin,1
373,prunella,2
373,alisa,2
374,jarvis,0
374,coretta,1
374,frederic,2
374,leon,2
375,billie,0
375,anatol,1
375,christian,2
375,sheffield,2
376,fritz,0
376,lorrie,1
376,janella,2
376,agnes,2
377,cecilia,0
377,jethro,1
377,lorna,2
377,madelaine,2
378,jamey,0
378,torrance,1
378,shauna,2
378,archon,2
379,wendel,0
379,leopold,1
379,mareah,2
379,keslie,2
380,cristie,0
380,madalena,1
380,fabio,2
380,annamari,2
381,willy,0
381,hermine,1
381,neddy,2
381,cathrine,2
382,sibbie,0
382,melitta,1
382,tyrus,2
382,shelley,2
383,wilson,0
383,gerri,1
383,pace,2
383,nadiya,2
384,annaliese,0
384,esmaria,1
384,blanch,2
384,josephine,2
385,carolan,0
385,lorinda,1
385,anton,2
385,linet,2
386,edee,0
386,freddy,1
386,ingunna,2
386,layney,2
387,jeanie,0
387,tally,1
387,lonna,2
387,davin,2
388,prent,0
388,jemmy,1
388,lusa,2
388,meredithe,2
389,wilek,0
389,emera,1
389,royce,2
389,mitzi,2
390,diannne,0
390,britt,1
390,lavina,2
390,caralie,2
391,iolande,0
391,kin,1
391,jacky,2
391,rad,2
392,tandi,0
392,chelsae,1
392,rivalee,2
392,mahalia,2
393,andria,0
393,aron,1
393,lissie,2
393,maxfield,2
394,cally,0
394,grier,1
394,shani,2
394,catriona,2
395,joanne,0
395,reggy,1
395,rory,2
395,fidelia,2
396,olly,0
396,robin,1
396,melicent,2
396,aeriell,2
397,dominica,0
397,lonee,1
397,mallissa,2
397,laurena,2
398,yancey,0
398,mylo,1
398,kathie,2
398,rodger,2
399,sissie,0
399,kristyn,1
399,josh,2
399,nina,2
400,murial,0
400,tremaine,1
400,bettina,2
400,anet,2
401,sena,0
401,jolie,1
401,gordon,2
401,vittoria,2
402,loria,0
402,jere,1
402,starlene,2
402,jewelle,2
403,mariellen,0
403,pembroke,1
403,fiorenze,2
403,timmie,2
404,susi,0
404,rora,1
404,inez,2
404,timmie,2
405,elwira,0
405,jemie,1
405,viole,2
405,aindrea,2
406,quintus,0
406,adeline,1
406,seline,2
406,adelind,2
407,meggi,0
407,lavinie,1
407,dyanna,2
407,ximenez,2
408,odelinda,0
408,gates,1
408,davidde,2
408,garret,2
409,amity,0
409,jillane,1
409,maureen,2
409,chaim,2
410,janene,0
410,millisent,1
410,fara,2
410,anais,2
411,karola,0
411,kiri,1
411,katee,2
411,brooks,2
412,beowulf,0
412,burgess,1
412,orson,2
412,catarina,2
413,glenn,0
413,gabrielle,1
413,elsinore,2
413,inigo,2
414,pedro,0
414,aubine,1
414,lonni,2
414,floyd,2
415,sib,0
415,berti,1
415,thibaut,2
415,ansley,2
416,ferdinanda,0
416,modestine,1
416,cyrus,2
416,alanna,2
417,elane,0
417,angele,1
417,garrott,2
417,filipe,2
418,pamella,0
418,gui,1
418,kelsey,2
418,dennie,2
419,mika,0
419,marne,1
419,claire,2
419,kettie,2
420,bette,0
420,antony,1
420,yehudit,2
420,jed,2
421,ardis,0
421,anatol,1
421,bela,2
421,alexis,2
422,merna,0
422,avery,1
422,caty,2
422,tarrah,2
423,daphne,0
423,kesley,1
423,nisa,2
423,everett,2
424,thaddeus,0
424,rene,1
424,bathsheba,2
424,merrile,2
425,brina,0
425,guido,1
425,laetitia,2
425,maribel,2
426,liane,0
426,yank,1
426,arvin,2
426,vivianne,2
427,sybille,0
427,jeth,1
427,kaleb,2
427,annmarie,2
428,emmye,0
428,salmon,1
428,jerome,2
428,ondrea,2
429,stephannie,0
429,siana,1
429,hastings,2
429,beatriz,2
430,caryn,0
430,kenn,1
430,maxine,2
430,fredelia,2
431,tomi,0
431,natalee,1
431,tedman,2
431,armstrong,2
432,percival,0
432,judy,1
432,crissie,2
432,hill,2
433,burta,0
433,sabine,1
433,desmond,2
433,almeta,2
434,verna,0
434,matt,1
434,gertruda,2
434,gayla,2
435,osborn,0
435,andee,1
435,kirsten,2
435,bunni,2
436,galina,0
436,jennee,1
436,bernete,2
436,claire,2
437,conway,0
437,gonzalo,1
437,betti,2
437,shirlee,2
438,georgie,0
438,ernest,1
438,dorri,2
438,violetta,2
439,marjie,0
439,gretchen,1
439,myrlene,2
439,chevy,2
440,minny,0
440,darren,1
440,aloisia,2
440,lamar,2
441,wilhelmine,0
441,gael,1
441,kali,2
441,elizabeth,2
442,thane,0
442,shirlene,1
442,marjory,2
442,aubrey,2
443,aleta,0
443,elisha,1
443,patrice,2
443,pryce,2
444,haily,0
444,pennie,1
444,jose,2
444,dell,2
445,agnella,0
445,lissie,1
445,roosevelt,2
445,sibyl,2
446,gelya,0
446,haskel,1
446,dwane,2
446,meg,2
447,bev,0
447,felice,1
447,sheela,2
447,jacinthe,2
448,annamarie,0
448,erica,1
448,taylor,2
448,janeczka,2
449,lowell,0
449,corette,1
449,nicolea,2
449,miriam,2
450,waite,0
450,patrizia,1
450,kerry,2
450,scarlett,2
451,maribeth,0
451,sherry,1
451,sigmund,2
451,emmanuel,2
452,blake,0
452,gayleen,1
452,marcella,2
452,inna,2
453,kristy,0
453,ashley,1
453,tove,2
453,lind,2
454,mignon,0
454,shell,1
454,barbey,2
454,malkah,2
455,domenico,0
455,teresita,1
455,bobette,2
455,alma,2
456,joscelin,0
456,reiko,1
456,ava,2
456,patrik,2
457,ara,0
457,walter,1
457,aub,2
457,sharna,2
458,felecia,0
458,jocelin,1
458,gwendolen,2
458,tomasina,2
459,adora,0
459,shaughn,1
459,sarene,2
459,whitby,2
460,fran,0
460,conney,1
460,xever,2
460,davide,2
461,munroe,0
461,zechariah,1
461,huntlee,2
461,guinevere,2
462,hiro,0
462,trip,1
462,aime,2
462,pansie,2
463,trever,0
463,susan,1
463,rem,2
463,clarita,2
464,dorothee,0
464,erhard,1
464,alley,2
464,ina,2
465,shanie,0
465,berry,1
465,millie,2
465,carmine,2
466,allys,0
466,aleen,1
466,benton,2
466,rolfe,2
467,linda,0
467,catha,1
467,bartholomew,2
467,agna,2
468,christan,0
468,goldy,1
468,fulton,2
468,wallis,2
469,emil,0
469,torrance,1
469,lion,2
469,dori,2
470,eustace,0
470,freemon,1
470,gustavo,2
470,shell,2
471,mohamad,0
471,rivy,1
471,cosmo,2
471,grant,2
472,elmira,0
472,sybille,1
472,hezekiah,2
472,calypso,2
473,joel,0
473,bill,1
473,ruperto,2
473,jannel,2
474,nevins,0
474,vladamir,1
474,bridget,2
474,reggy,2
475,edward,0
475,bea,1
475,beth,2
475,roderich,2
476,harlan,0
476,albertina,1
476,alfonzo,2
476,henrietta,2
477,dorisa,0
477,wilburt,1
477,zared,2
477,leilah,2
478,jacklin,0
478,brooks,1
478,vito,2
478,anet,2
479,arturo,0
479,selma,1
479,fonsie,2
479,aubrey,2
480,clyde,0
480,hannibal,1
480,alecia,2
480,tremain,2
481,beau,0
481,lia,1
481,stearn,2
481,austen,2
482,lolita,0
482,ricky,1
482,kora,2
482,alyss,2
483,chandler,0
483,alexandra,1
483,amandy,2
483,zacharia,2
484,hana,0
484,simeon,1
484,caroleen,2
484,othilie,2
485,mella,0
485,dulcea,1
485,niles,2
485,tracy,2
486,janifer,0
486,claresta,1
486,aeriell,2
486,goldie,2
487,margalit,0
487,arlina,1
487,tull,2
487,erasmus,2
488,claresta,0
488,celestyna,1
488,barrie,2
488,randi,2
489,tomlin,0
489,roxy,1
489,kakalina,2
489,mariejeanne,2
490,wilfrid,0
490,roosevelt,1
490,tait,2
490,godwin,2
491,francisco,0
491,ashlie,1
491,lazlo,2
491,stephan,2
492,jan,0
492,karrah,1
492,jo-anne,2
492,benni,2
493,carlyle,0
493,gill,1
493,cherri,2
493,molly,2
494,kalinda,0
494,ami,1
494,analise,2
494,kaylil,2
495,heddi,0
495,vanda,1
495,tallia,2
495,eba,2
496,ibrahim,0
496,agata,1
496,cathryn,2
496,dew,2
497,gabe,0
497,sherilyn,1
497,tish,2
497,esta,2
498,alma,0
498,darrick,1
498,thornton,2
498,isa,2
499,loralie,0
499,lawson,1
499,tarrah,2
499,erek,2
500,carlina,0
500,ephrayim,1
500,hetti,2
500,brett,2
501,prescott,0
501,hyacintha,1
501,theodosia,2
501,fabrianne,2
502,robina,0
502,alvina,1
502,vitia,2
502,lorelei,2
503,jay,0
503,mort,1
503,yale,2
503,desmond,2
504,rudiger,0
504,shepard,1
504,denny,2
504,lorri,2
505,jilly,0
505,kelley,1
505,jess,2
505,rasia,2
506,kimberlyn,0
506,janella,1
506,demetrius,2
506,jeannine,2
507,zared,0
507,evangeline,1
507,tobe,2
507,petronia,2
508,darda,0
508,ginger,1
508,mari,2
508,bethina,2
509,lynne,0
509,anatollo,1
509,avrit,2
509,nonah,2
510,rufe,0
510,david,1
510,laurel,2
510,opaline,2
511,joletta,0
511,nealon,1
511,mervin,2
511,calley,2
512,robbi,0
512,fay,1
512,alfonzo,2
512,barbra,2
513,ram,0
513,pamelina,1
513,mariele,2
513,roxine,2
514,lorelle,0
514,claribel,1
514,raoul,2
514,lizzie,2
515,tallia,0
515,morty,1
515,opalina,2
515,anjela,2
516,carmine,0
516,bettine,1
516,aurore,2
516,doris,2
517,doe,0
517,essie,1
517,hedvig,2
517,tudor,2
518,jyoti,0
518,jolene,1
518,han,2
518,timotheus,2
519,ilene,0
519,fredelia,1
519,modestia,2
519,elly,2
520,cecily,0
520,leodora,1
520,wat,2
520,eduardo,2
521,kyrstin,0
521,debor,1
521,godfry,2
521,alexa,2
522,louisette,0
522,nanete,1
522,cathie,2
522,lona,2
523,grier,0
523,grata,1
523,lanie,2
523,lemmie,2
524,renie,0
524,claudius,1
524,jesus,2
524,tedman,2
525,abigale,0
525,ginnie,1
525,morgan,2
525,camala,2
526,cori,0
526,sully,1
526,vance,2
526,orson,2
527,charlotte,0
527,savina,1
527,marijo,2
527,marilu,2
528,lonna,0
528,devan,1
528,timmi,2
528,therese,2
529,libby,0
529,gilburt,1
529,catherin,2
529,letta,2
530,garp,0
530,genni,1
530,jacky,2
530,molly,2
531,winny,0
531,cameo,1
531,mikhail,2
531,raymond,2
532,michel,0
532,lust,1
532,nadine,2
532,eddy,2
533,norah,0
533,dorian,1
533,karoly,2
533,peg,2
534,kathrine,0
534,gasper,1
534,orly,2
534,adrea,2
535,katharine,0
535,teddie,1
535,bliss,2
535,zenia,2
536,slim,0
536,roscoe,1
536,eddi,2
536,fredelia,2
537,merrili,0
537,raynor,1
537,orazio,2
537,garrot,2
538,jennee,0
538,ruddy,1
538,hammad,2
538,batsheva,2
539,daveen,0
539,elwin,1
539,meghan,2
539,hunt,2
540,andromache,0
540,raine,1
540,ardra,2
540,constancia,2
541,heinz,0
541,berty,1
541,windham,2
541,binni,2
542,shimon,0
542,bonni,1
542,tella,2
542,rodi,2
543,herrmann,0
543,floria,1
543,winne,2
543,benedikta,2
544,sherman,0
544,ramonda,1
544,tarzan,2
544,darby,2
545,austin,0
545,dulcy,1
545,barrett,2
545,casey,2
546,christabelle,0
546,lincoln,1
546,barret,2
546,carolyne,2
547,darrel,0
547,frans,1
547,ira,2
547,hilarie,2
548,beilul,0
548,alleen,1
548,anett,2
548,paten,2
549,darleen,0
549,beret,1
549,rory,2
549,deeanne,2
550,pooh,0
550,joanna,1
550,gabriele,2
550,stavros,2
551,lola,0
551,alene,1
551,elke,2
551,bishop,2
552,lani,0
552,wynnie,1
552,shannon,2
552,chrysa,2
553,nertie,0
553,gordon,1
553,calida,2
553,jeremie,2
554,meriel,0
554,jasmin,1
554,jeremias,2
554,dolly,2
555,corrie,0
555,natalya,1
555,thorstein,2
555,madelon,2
556,verge,0
556,brynna,1
556,godard,2
556,marcelle,2
557,helge,0
557,chandal,1
557,andi,2
557,cal,2
558,vachel,0
558,perle,1
558,diannne,2
558,marlie,2
559,wileen,0
559,faina,1
559,mercedes,2
559,roch,2
560,phyllis,0
560,jobi,1
560,jesse,2
560,delilah,2
561,pyotr,0
561,alejandrina,1
561,standford,2
561,jillene,2
562,prudy,0
562,geralda,1
562,philippa,2
562,jeromy,2
563,heidi,0
563,leena,1
563,arliene,2
563,len,2
564,mauritz,0
564,trudey,1
564,martie,2
564,effie,2
565,elihu,0
565,say,1
565,juana,2
565,bette-ann,2
566,milli,0
566,flem,1
566,delcina,2
566,peggy,2
567,easter,0
567,walker,1
567,quinn,2
567,olag,2
568,tani,0
568,gustie,1
568,katine,2
568,hastings,2
569,elvina,0
569,lewis,1
569,lenore,2
569,kathleen,2
570,myrta,0
570,rey,1
570,alli,2
570,gil,2
571,reggie,0
571,janus,1
571,gae,2
571,sayres,2
572,jolynn,0
572,donelle,1
572,tera,2
572,mmarianne,2
573,leroy,0
573,pavel,1
573,bernelle,2
573,amory,2
574,norina,0
574,roz,1
574,richard,2
574,cheslie,2
575,sue,0
575,zia,1
575,nonnah,2
575,zaneta,2
576,august,0
576,darren,1
576,sterling,2
576,maurise,2
577,leontine,0
577,rubia,1
577,glen,2
577,quigman,2
578,tessi,0
578,mechelle,1
578,ursula,2
578,flint,2
579,barde,0
579,shea,1
579,graehme,2
579,gretal,2
580,ninnette,0
580,mufi,1
580,hudson,2
580,sheffy,2
581,sharla,0
581,dorothea,1
581,haley,2
581,allianora,2
582,sheffy,0
582,janice,1
582,clarey,2
582,eunice,2
583,marion,0
583,marcelline,1
583,peirce,2
583,freddy,2
584,stephana,0
584,roanna,1
584,heddi,2
584,praneetf,2
585,vic,0
585,cami,1
585,lynea,2
585,mercedes,2
586,merrill,0
586,elisha,1
586,shauna,2
586,sansone,2
587,abby,0
587,elias,1
587,kalina,2
587,franky,2
588,elmer,0
588,lyssa,1
588,rockwell,2
588,sharity,2
589,sig,0
589,trip,1
589,lenna,2
589,tierney,2
590,carlisle,0
590,suzzy,1
590,alwin,2
590,betty,2
591,wayland,0
591,erinn,1
591,gustie,2
591,marcelline,2
592,gale,0
592,rickie,1
592,casey,2
592,chantal,2
593,christian,0
593,trey,1
593,tucky,2
593,theobald,2
594,bettine,0
594,donni,1
594,kori,2
594,datha,2
595,bendite,0
595,malanie,1
595,teodora,2
595,eugenia,2
596,jo ann,0
596,calli,1
596,shena,2
596,renate,2
597,uta,0
597,legra,1
597,ian,2
597,danita,2
598,beryle,0
598,orelle,1
598,kendrick,2
598,lorne,2
599,pennie,0
599,hestia,1
599,maddy,2
599,vita,2
600,cleveland,0
600,betta,1
600,eloisa,2
600,darien,2
601,grady,0
601,engelbart,1
601,waneta,2
601,donetta,2
602,christan,0
602,rhett,1
602,issie,2
602,zora,2
603,emmalyn,0
603,linda,1
603,estelle,2
603,jerrold,2
604,candide,0
604,brina,1
604,trixy,2
604,clint,2
605,olwen,0
605,kevan,1
605,briana,2
605,emery,2
606,alysa,0
606,malia,1
606,ambrose,2
606,jethro,2
607,emylee,0
607,hubert,1
607,trudi,2
607,oliy,2
608,joselyn,0
608,vassili,1
608,virgilio,2
608,rutter,2
609,leona,0
609,maxi,1
609,marla,2
609,timothea,2
610,layney,0
610,patrik,1
610,jay,2
610,maxie,2
611,shir,0
611,carole,1
611,archie,2
611,jacquie,2
612,glynis,0
612,benny,1
612,fyodor,2
612,dionis,2
613,penn,0
613,malena,1
613,whittaker,2
613,clea,2
614,ada,0
614,karel,1
614,miguela,2
614,didi,2
615,lloyd,0
615,verile,1
615,brina,2
615,curtice,2
616,abby,0
616,joshua,1
616,etheline,2
616,legra,2
617,merlin,0
617,teena,1
617,mirilla,2
617,geraldine,2
618,chen,0
618,jany,1
618,bettina,2
618,mordecai,2
619,vlad,0
619,oralle,1
619,judie,2
619,constantine,2
620,montgomery,0
620,hans-peter,1
620,pavia,2
620,adella,2
621,malena,0
621,eleanor,1
621,glynda,2
621,andree,2
622,faye,0
622,jewell,1
622,christie,2
622,charlotte,2
623,steven,0
623,malinda,1
623,drew,2
623,ainsley,2
624,melony,0
624,elicia,1
624,theodora,2
624,corrinne,2
625,euclid,0
625,sherry,1
625,jehanna,2
625,douglas,2
626,merrile,0
626,tracy,1
626,fiorenze,2
626,carol-jean,2
627,muriel,0
627,hartley,1
627,brena,2
627,willy,2
628,venus,0
628,chev,1
628,kit,2
628,goldi,2
629,leandra,0
629,tressa,1
629,florina,2
629,kelly,2
630,korie,0
630,maud,1
630,ronald,2
630,danyette,2
631,sinclare,0
631,hayes,1
631,noel,2
631,meade,2
632,leola,0
632,kordula,1
632,laurent,2
632,teodora,2
633,quinn,0
633,christiano,1
633,meyer,2
633,urbanus,2
634,pennie,0
634,alaa,1
634,wyatt,2
634,bert,2
635,sinead,0
635,libbey,1
635,malory,2
635,juline,2
636,lev,0
636,lotte,1
636,mimi,2
636,maryjane,2
637,davita,0
637,bay,1
637,joanne,2
637,adolphus,2
638,josefa,0
638,nanci,1
638,amabel,2
638,leoine,2
639,josephine,0
639,inglebert,1
639,ethelyn,2
639,silas,2
640,redmond,0
640,nanice,1
640,leonhard,2
640,odele,2
641,neda,0
641,debbie,1
641,tam,2
641,merilyn,2
642,wat,0
642,ignazio,1
642,barb,2
642,corky,2
643,bird,0
643,jade,1
643,ninetta,2
643,neile,2
644,dari,0
644,avril,1
644,rani,2
644,robinette,2
645,vince,0
645,meara,1
645,yale,2
645,helaine,2
646,lucas,0
646,aubrey,1
646,florry,2
646,elspeth,2
647,star,0
647,leopold,1
647,merle,2
647,octavius,2
648,hiram,0
648,tobin,1
648,oleg,2
648,shelby,2
649,genevieve,0
649,bernhard,1
649,tiffany,2
649,mady,2
650,shellie,0
650,samuela,1
650,dean,2
650,hewie,2
651,tella,0
651,ariana,1
651,conny,2
651,avi,2
652,bessy,0
652,alessandra,1
652,godwin,2
652,annamaria,2
653,fanchon,0
653,norina,1
653,elmer,2
653,lesley,2
654,ailina,0
654,yoshi,1
654,harrold,2
654,linnell,2
655,clarita,0
655,liz,1
655,sharona,2
655,merry,2
656,gerry,0
656,corette,1
656,trenna,2
656,johan,2
657,sutton,0
657,cesya,1
657,devonne,2
657,dulcea,2
658,salomo,0
658,dorene,1
658,wes,2
658,caroline,2
659,ruthanne,0
659,lisa,1
659,luciana,2
659,carlotta,2
660,theobald,0
660,abdullah,1
660,heath,2
660,aile,2
661,fitz,0
661,selby,1
661,tommi,2
661,augustus,2
662,berkley,0
662,prent,1
662,fernando,2
662,krissie,2
663,ediva,0
663,jerrilyn,1
663,page,2
663,rosina,2
664,sherwynd,0
664,fredrika,1
664,nananne,2
664,shena,2
665,quinn,0
665,phaedra,1
665,nyssa,2
665,stephanie,2
666,gavriel,0
666,gladi,1
666,vena,2
666,vonny,2
667,cordelie,0
667,jon,1
667,endora,2
667,tildie,2
668,logan,0
668,shandee,1
668,ivor,2
668,arvie,2
669,ardene,0
669,meridel,1
669,paulina,2
669,lianne,2
670,koo,0
670,clemens,1
670,evangelin,2
670,gertruda,2
671,grace,0
671,lezlie,1
671,sheilah,2
671,hollyanne,2
672,hobart,0
672,sibbie,1
672,luce,2
672,mic,2
673,lilly,0
673,jefferson,1
673,bambie,2
673,casper,2
674,celinka,0
674,mildrid,1
674,ximenes,2
674,dorit,2
675,beaufort,0
675,nannette,1
675,dominique,2
675,finn,2
676,klarrisa,0
676,everett,1
676,marko,2
676,deirdre,2
677,silas,0
677,bria,1
677,mariejeanne,2
677,fanny,2
678,romola,0
678,rori,1
678,umeko,2
678,ania,2
679,madona,0
679,zack,1
679,sibley,2
679,pammy,2
680,jean,0
680,leland,1
680,gregory,2
680,walter,2
681,mark,0
681,beryl,1
681,randall,2
681,lethia,2
682,colbert,0
682,antonius,1
682,marget,2
682,jeremie,2
683,lynda,0
683,clare,1
683,karee,2
683,joannes,2
684,terri-jo,0
684,sissy,1
684,baldwin,2
684,federica,2
685,sheril,0
685,kat,1
685,rick,2
685,jan,2
686,elana,0
686,diamond,1
686,dianna,2
686,yves,2
687,alex,0
687,kary,1
687,joelie,2
687,matthias,2
688,frederic,0
688,britta,1
688,alexis,2
688,haley,2
689,johannah,0
689,othello,1
689,fonz,2
689,hilda,2
690,tedie,0
690,melisandra,1
690,sallyann,2
690,hodge,2
691,vin,0
691,dacia,1
691,hasheem,2
691,dennie,2
692,sidnee,0
692,julita,1
692,ulric,2
692,bernhard,2
693,corbin,0
693,kaja,1
693,lulu,2
693,ilsa,2
694,marrissa,0
694,bari,1
694,kara-lynn,2
694,mallory,2
695,tresa,0
695,roderich,1
695,tait,2
695,modestia,2
696,ajai,0
696,shanda,1
696,claudelle,2
696,hersch,2
697,hope,0
697,randy,1
697,hershel,2
697,vally,2
698,freddy,0
698,nicoli,1
698,giffy,2
698,gloriane,2
699,kizzee,0
699,manya,1
699,kirstyn,2
699,spense,2
700,thomasina,0
700,jillie,1
700,bettine,2
700,hadley,2
701,beale,0
701,demetra,1
701,bartholemy,2
701,elle,2
702,carmen,0
702,shalna,1
702,nike,2
702,vina,2
703,hayley,0
703,jenilee,1
703,mellissa,2
703,thurstan,2
704,sargent,0
704,benny,1
704,corine,2
704,mose,2
705,slim,0
705,avrom,1
705,shadow,2
705,janie,2
706,vincent,0
706,krishna,1
706,gilbertine,2
706,moll,2
707,bathsheba,0
707,sharyl,1
707,dino,2
707,sparky,2
708,barrie,0
708,christofer,1
708,jenine,2
708,bianca,2
709,amos,0
709,roberta,1
709,jilleen,2
709,wilmar,2
710,ibrahim,0
710,vernon,1
710,ruthi,2
710,waldon,2
711,florinda,0
711,wright,1
711,valentin,2
711,adah,2
712,rolland,0
712,dawn,1
712,illa,2
712,fern,2
713,raquela,0
713,adorne,1
713,glory,2
713,jean-lou,2
714,gillian,0
714,marquita,1
714,scarlett,2
714,douglis,2
715,hamilton,0
715,sal,1
715,carlita,2
715,louisa,2
716,mellisent,0
716,rosamond,1
716,inger,2
716,wally,2
717,abigale,0
717,lainey,1
717,candi,2
717,ulises,2
718,christal,0
718,torey,1
718,carlita,2
718,cindi,2
719,fancy,0
719,winslow,1
719,ulrick,2
719,amabelle,2
720,malkah,0
720,merrile,1
720,lamb,2
720,amalia,2
721,sloan,0
721,hermon,1
721,emmy,2
721,mario,2
722,ethel,0
722,stefan,1
722,kessiah,2
722,normie,2
723,margalo,0
723,kerrin,1
723,fanchon,2
723,zary,2
724,chrysler,0
724,krystalle,1
724,christabella,2
724,kristyn,2
725,cally,0
725,debbie,1
725,winny,2
725,helga,2
726,bearnard,0
726,kizzie,1
726,gwenny,2
726,jessa,2
727,danell,0
727,aldrich,1
727,gretel,2
727,idalia,2
728,joletta,0
728,michaelina,1
728,brigida,2
728,berenice,2
729,dyane,0
729,corey,1
729,werner,2
729,tobin,2
730,harald,0
730,rosalynd,1
730,alicea,2
730,sharlene,2
731,see,0
731,shaine,1
731,petr,2
731,florri,2
732,nickie,0
732,shane,1
732,jimmie,2
732,minnie,2
733,titus,0
733,susie,1
733,nanine,2
733,gideon,2
734,lilli,0
734,sandor,1
734,alvera,2
734,janela,2
735,dani,0
735,jeannie,1
735,meir,2
735,bonni,2
736,wakefield,0
736,ingunna,1
736,paula-grace,2
736,mela,2
737,teodoor,0
737,wildon,1
737,kare,2
737,joletta,2
738,norris,0
738,leonidas,1
738,nataline,2
738,marlyn,2
739,moore,0
739,barbie,1
739,maia,2
739,rajeev,2
740,wojciech,0
740,virgie,1
740,claribel,2
740,simone,2
741,demetria,0
741,alic,1
741,kizzie,2
741,morly,2
742,chalmers,0
742,clari,1
742,wilfred,2
742,nancee,2
743,ninetta,0
743,marguerite,1
743,si,2
743,jocelyne,2
744,dexter,0
744,gwendolin,1
744,julie,2
744,dulcea,2
745,sapphire,0
745,marina,1
745,allsun,2
745,rosalie,2
746,gabie,0
746,abbi,1
746,leticia,2
746,havivah,2
747,elsbeth,0
747,marcos,1
747,maisey,2
747,coralie,2
748,birdie,0
748,bennett,1
748,claudetta,2
748,french,2
749,andri,0
749,bert,1
749,shilpa,2
749,magnum,2
750,josi,0
750,brooke,1
750,hanan,2
750,debera,2
751,tera,0
751,sydney,1
751,sherrie,2
751,mart,2
752,son,0
752,loise,1
752,moll,2
752,claudette,2
753,meyer,0
753,stephani,1
753,waylen,2
753,toma,2
754,gwendolyn,0
754,carmelita,1
754,rocky,2
754,jannelle,2
755,leisha,0
755,vania,1
755,gavin,2
755,conway,2
756,cookie,0
756,nancy,1
756,verile,2
756,cherilyn,2
757,winifred,0
757,antonie,1
757,ebony,2
757,galen,2
758,curtice,0
758,dedie,1
758,bonnie,2
758,aimee,2
759,maureene,0
759,verne,1
759,joann,2
759,fulton,2
760,bennet,0
760,cole,1
760,davide,2
760,georgia,2
761,susan,0
761,jules,1
761,dalton,2
761,moyra,2
762,norm,0
762,murdoch,1
762,billie,2
762,ernst,2
763,stig,0
763,wilie,1
763,alice,2
763,hilton,2
764,teryl,0
764,caressa,1
764,marge,2
764,hollis,2
765,napoleon,0
765,joly,1
765,nicoli,2
765,bambi,2
766,nonnah,0
766,ignazio,1
766,quintus,2
766,secunda,2
767,mona,0
767,benji,1
767,ozzie,2
767,paule,2
768,alastair,0
768,mackenzie,1
768,phillipe,2
768,lefty,2
769,martguerita,0
769,teryl,1
769,zonda,2
769,guglielma,2
770,constantinos,0
770,joy,1
770,barbara,2
770,alyss,2
771,leopold,0
771,andrei,1
771,yvette,2
771,fredia,2
772,toma,0
772,gertrudis,1
772,norton,2
772,ferguson,2
773,amata,0
773,jilly,1
773,alwin,2
773,kacey,2
774,dafna,0
774,johann,1
774,jorge,2
774,faun,2
775,steffi,0
775,darrin,1
775,jobina,2
775,demetra,2
776,micheal,0
776,chrissy,1
776,lukas,2
776,rudie,2
777,pier,0
777,tiebold,1
777,rolland,2
777,nisa,2
778,hope,0
778,ron,1
778,burton,2
778,cammy,2
779,marlane,0
779,demetris,1
779,roselia,2
779,johnette,2
780,thatcher,0
780,dianna,1
780,riane,2
780,marlena,2
781,edie,0
781,kelcey,1
781,cary,2
781,jesselyn,2
782,konrad,0
782,thomasina,1
782,rene,2
782,amaleta,2
783,cybelle,0
783,terry,1
783,valida,2
783,gretchen,2
784,diandra,0
784,madonna,1
784,gabrila,2
784,claudio,2
785,xymenes,0
785,deedee,1
785,shoshie,2
785,dion,2
786,junette,0
786,eugine,1
786,dareen,2
786,buddy,2
787,anatol,0
787,shumeet,1
787,becca,2
787,vickie,2
788,bethany,0
788,nissie,1
788,trent,2
788,agata,2
789,aylmer,0
789,zandra,1
789,elizabet,2
789,barney,2
790,amata,0
790,foster,1
790,kerstin,2
790,gigi,2
791,viva,0
791,timmie,1
791,ferguson,2
791,nicoli,2
792,georgine,0
792,audrey,1
792,chrysler,2
792,arabella,2
793,patty,0
793,elinor,1
793,mandi,2
793,wilden,2
794,nanice,0
794,amelia,1
794,cory,2
794,zoe,2
795,virginie,0
795,annmarie,1
795,matti,2
795,derrin,2
796,jerrilyn,0
796,sherwynd,1
796,grata,2
796,benjamin,2
797,gabbey,0
797,haskell,1
797,elroy,2
797,howard,2
798,emelyne,0
798,alexander,1
798,aylmer,2
798,bernard,2
799,bernard,0
799,stanwood,1
799,lanna,2
799,mia,2
800,emmet,0
800,mikael,1
800,roddy,2
800,lynde,2
801,inge,0
801,wendy,1
801,leone,2
801,yancey,2
802,tedra,0
802,pavel,1
802,giorgia,2
802,husain,2
803,carmel,0
803,hedy,1
803,bartie,2
803,lesli,2
804,hartwell,0
804,tessy,1
804,quinlan,2
804,maggee,2
805,melloney,0
805,brice,1
805,janot,2
805,pamela,2
806,zebedee,0
806,prissie,1
806,acacia,2
806,shelby,2
807,caralie,0
807,darrel,1
807,orlando,2
807,king,2
808,elysia,0
808,jean,1
808,essa,2
808,mikhail,2
809,fleur,0
809,kristen,1
809,selma,2
809,lurleen,2
810,eunice,0
810,pauli,1
810,leland,2
810,luke,2
811,aila,0
811,alberta,1
811,munroe,2
811,winne,2
812,althea,0
812,heloise,1
812,fredrika,2
812,sal,2
813,nissa,0
813,lauren,1
813,nikoletta,2
813,quentin,2
814,archibold,0
814,kameko,1
814,harriot,2
814,huntington,2
815,karsten,0
815,maurise,1
815,shanan,2
815,ebenezer,2
816,karisa,0
816,pippy,1
816,lenny,2
816,julio,2
817,benny,0
817,daphene,1
817,wilie,2
817,jackson,2
818,samuela,0
818,leland,1
818,george,2
818,thayne,2
819,erena,0
819,cherilynn,1
819,myrilla,2
819,jody,2
820,piotr,0
820,kandace,1
820,breanne,2
820,priscilla,2
821,ag,0
821,laurence,1
821,huntington,2
821,karleen,2
822,bernelle,0
822,tomiko,1
822,teresina,2
822,gladys,2
823,mahesh,0
823,jemmy,1
823,reiko,2
823,lurette,2
824,erwin,0
824,heather,1
824,kamila,2
824,crysta,2
825,goose,0
825,noellyn,1
825,sampson,2
825,beth,2
826,joan,0
826,shelton,1
826,guglielma,2
826,sanders,2
827,debra,0
827,delmar,1
827,pip,2
827,tiphanie,2
828,dedra,0
828,reinhold,1
828,silvia,2
828,creighton,2
829,teddi,0
829,nancee,1
829,jacquette,2
829,kellina,2
830,ty,0
830,frieda,1
830,thomasa,2
830,marj,2
831,lorna,0
831,zackariah,1
831,vinnie,2
831,melicent,2
832,lissie,0
832,estrellita,1
832,normand,2
832,rudie,2
833,dino,0
833,duke,1
833,sullivan,2
833,carlin,2
834,duke,0
834,tessa,1
834,horatius,2
834,alley,2
835,twila,0
835,pearl,1
835,bryant,2
835,rachelle,2
836,correna,0
836,trudie,1
836,binni,2
836,gertrud,2
837,sergei,0
837,kathlene,1
837,leonard,2
837,claresta,2
838,ardelis,0
838,darice,1
838,alphonse,2
838,lorraine,2
839,fraser,0
839,penn,1
839,crysta,2
839,paul,2
840,cilka,0
840,linette,1
840,bekki,2
840,ebenezer,2
841,katrine,0
841,maggi,1
841,hugo,2
841,noell,2
842,sophie,0
842,berta,1
842,rozina,2
842,cristina,2
843,karel,0
843,jasmina,1
843,daisie,2
843,eliott,2
844,janey,0
844,celia,1
844,arturo,2
844,colleen,2
845,lorne,0
845,scott,1
845,ilona,2
845,sheela,2
846,sal,0
846,melita,1
846,alanah,2
846,marna,2
847,lucas,0
847,denny,1
847,karyn,2
847,ealasaid,2
848,emelia,0
848,kin,1
848,bennie,2
848,mikael,2
849,iago,0
849,julita,1
849,gordon,2
849,weston,2
850,micheline,0
850,leola,1
850,bertie,2
850,tammi,2
851,jermaine,0
851,howard,1
851,gay,2
851,corly,2
852,shandee,0
852,gail,1
852,nan,2
852,matty,2
853,zia,0
853,nela,1
853,obadiah,2
853,gilligan,2
854,isa,0
854,collin,1
854,franz,2
854,sky,2
855,alvina,0
855,maggee,1
855,hobart,2
855,virgie,2
856,vivie,0
856,lilyan,1
856,tarra,2
856,pansy,2
857,newton,0
857,betsy,1
857,rhett,2
857,karlotte,2
858,tully,0
858,shanon,1
858,lanny,2
858,cinda,2
859,mayda,0
859,wolfy,1
859,dorise,2
859,tonie,2
860,augustin,0
860,skip,1
860,aime,2
860,brunhilde,2
861,neville,0
861,heinrich,1
861,lorine,2
861,marian,2
862,morgen,0
862,giorgi,1
862,raine,2
862,gaston,2
863,nelia,0
863,masha,1
863,daune,2
863,gladys,2
864,dorotea,0
864,elmer,1
864,donny,2
864,melania,2
865,eve,0
865,nariko,1
865,rose,2
865,mabelle,2
866,lina,0
866,ina,1
866,cletus,2
866,leopold,2
867,laurie,0
867,jeanine,1
867,junina,2
867,gwenore,2
868,humbert,0
868,lethia,1
868,kalli,2
868,tine,2
869,dinah,0
869,elnore,1
869,easter,2
869,johnathon,2
870,ellette,0
870,nike,1
870,mariann,2
870,annecorinne,2
871,leila,0
871,fredra,1
871,tate,2
871,leanor,2
872,mandi,0
872,tallie,1
872,karalee,2
872,sibby,2
873,ernesta,0
873,kacy,1
873,marsha,2
873,travis,2
874,tiffy,0
874,zorah,1
874,kellie,2
874,colly,2
875,dorian,0
875,bellanca,1
875,aron,2
875,martyn,2
876,evania,0
876,taite,1
876,alisa,2
876,aeriel,2
877,carmine,0
877,percival,1
877,fina,2
877,mufi,2
878,cristine,0
878,carmon,1
878,babara,2
878,leila,2
879,rodrique,0
879,elissa,1
879,brunhilda,2
879,forrest,2
880,damian,0
880,felisha,1
880,charleton,2
880,beverlee,2
881,constantinos,0
881,erina,1
881,starr,2
881,lida,2
882,wat,0
882,cybel,1
882,augusta,2
882,gian,2
883,nicol,0
883,minnie,1
883,max,2
883,claudia,2
884,horatius,0
884,ethelind,1
884,marwin,2
884,vin,2
885,consolata,0
885,foster,1
885,gabriele,2
885,anstice,2
886,reynold,0
886,tamiko,1
886,stepha,2
886,aina,2
887,bartolomei,0
887,antoinette,1
887,ricky,2
887,adelle,2
888,urbanus,0
888,ethelind,1
888,emylee,2
888,roslyn,2
889,esme,0
889,loria,1
889,clemens,2
889,inglebert,2
890,sigfried,0
890,aleecia,1
890,thatch,2
890,gabriel,2
891,tonie,0
891,muhammad,1
891,thaddius,2
891,hedvig,2
892,stefan,0
892,teodor,1
892,ardelia,2
892,olly,2
893,lilli,0
893,chad,1
893,titos,2
893,myrah,2
894,garcia,0
894,anselma,1
894,jeana,2
894,leonora,2
895,cayla,0
895,aggi,1
895,thurstan,2
895,jolyn,2
896,nat,0
896,mart,1
896,melonie,2
896,noelle,2
897,meghann,0
897,tiana,1
897,dick,2
897,kimmi,2
898,siward,0
898,sheila,1
898,augustine,2
898,coreen,2
899,dasya,0
899,wat,1
899,dyna,2
899,tiffi,2
900,giraldo,0
900,martynne,1
900,cammi,2
900,gerri,2
901,willard,0
901,bartholemy,1
901,lamb,2
901,jaime,2
902,bogart,0
902,rosabelle,1
902,umeko,2
902,buffy,2
903,franny,0
903,paulie,1
903,cilka,2
903,britte,2
904,manon,0
904,allin,1
904,elladine,2
904,sissy,2
905,haskel,0
905,gerome,1
905,cindee,2
905,northrup,2
906,alane,0
906,hana,1
906,norrie,2
906,rodge,2
907,orville,0
907,orton,1
907,evelina,2
907,archon,2
908,ronny,0
908,kirstin,1
908,tammi,2
908,sheppard,2
909,wain,0
909,jordan,1
909,ike,2
909,agace,2
910,trixy,0
910,madlin,1
910,anna-diane,2
910,benn,2
911,phineas,0
911,tirrell,1
911,ginger,2
911,maryann,2
912,theresita,0
912,demosthenis,1
912,carmelia,2
912,leopold,2
913,ricca,0
913,aili,1
913,ceciley,2
913,orsola,2
914,suzann,0
914,pavia,1
914,hermione,2
914,linnie,2
915,miranda,0
915,simeon,1
915,odessa,2
915,kassi,2
916,therine,0
916,mark,1
916,pamelina,2
916,gay,2
917,evanne,0
917,nanette,1
917,elizabet,2
917,anthony,2
918,jeff,0
918,lyndon,1
918,jesselyn,2
918,orly,2
919,gratiana,0
919,donelle,1
919,quill,2
919,lockwood,2
920,birgit,0
920,bucky,1
920,barbe,2
920,eddie,2
921,lora,0
921,weston,1
921,erwin,2
921,corinna,2
922,fred,0
922,meier,1
922,wolfy,2
922,danella,2
923,jobye,0
923,merola,1
923,harrietta,2
923,derron,2
924,keene,0
924,ardeen,1
924,wren,2
924,mona,2
925,jolynn,0
925,jacqui,1
925,vivyan,2
925,verena,2
926,yank,0
926,malcah,1
926,corinna,2
926,demetra,2
927,elsey,0
927,sheffy,1
927,brietta,2
927,joete,2
928,joslyn,0
928,walker,1
928,cy,2
928,zorina,2
929,carlye,0
929,gusta,1
929,cyndy,2
929,casie,2
930,haley,0
930,aaron,1
930,annabel,2
930,reuven,2
931,meggi,0
931,reggi,1
931,melania,2
931,edi,2
932,torie,0
932,joshuah,1
932,bianca,2
932,blakelee,2
933,aleksandrs,0
933,creighton,1
933,salomon,2
933,cilka,2
934,scotty,0
934,tharen,1
934,hassan,2
934,gabriel,2
935,mort,0
935,danielle,1
935,deonne,2
935,yehudi,2
936,eugine,0
936,hill,1
936,norri,2
936,lorrie,2
937,lorita,0
937,herbert,1
937,berti,2
937,barrie,2
938,dareen,0
938,michal,1
938,jay,2
938,thayne,2
939,wash,0
939,tabitha,1
939,sharai,2
939,mellissa,2
940,ellis,0
940,virginie,1
940,ruthann,2
940,fernandina,2
941,madella,0
941,desirae,1
941,trace,2
941,miles,2
942,marc,0
942,hannibal,1
942,betti,2
942,cassey,2
943,luanna,0
943,corrinne,1
943,kristian,2
943,morly,2
944,rosa,0
944,shauna,1
944,jordon,2
944,allen,2
945,parker,0
945,beverie,1
945,cameo,2
945,leelah,2
946,vijay,0
946,liana,1
946,pryce,2
946,norrie,2
947,adi,0
947,towny,1
947,abdel,2
947,aeriel,2
948,danelle,0
948,endora,1
948,shirlene,2
948,magdalena,2
949,jocelyne,0
949,hartwell,1
949,mirilla,2
949,russel,2
950,suellen,0
950,frank,1
950,dyson,2
950,kesley,2
951,pamelina,0
951,willie,1
951,klee,2
951,ilyssa,2
952,dorthy,0
952,lilah,1
952,zara,2
952,tasha,2
953,virgilio,0
953,kelly,1
953,murdoch,2
953,zorine,2
954,doralin,0
954,faun,1
954,daloris,2
954,gunter,2
955,karena,0
955,celene,1
955,verge,2
955,terry,2
956,yaakov,0
956,krystalle,1
956,coleen,2
956,tillie,2
957,jermaine,0
957,vin,1
957,marshal,2
957,worth,2
958,gabrila,0
958,georgy,1
958,kurtis,2
958,sandy,2
959,matthaeus,0
959,heather,1
959,esther,2
959,leonid,2
960,darci,0
960,waverley,1
960,ole,2
960,nana,2
961,chelsie,0
961,emily,1
961,arleyne,2
961,peter,2
962,julia,0
962,kelcie,1
962,mirabel,2
962,claribel,2
963,marcille,0
963,cappella,1
963,beale,2
963,heath,2
964,dea,0
964,junia,1
964,rochette,2
964,terrance,2
965,belva,0
965,lari,1
965,jaime,2
965,kirby,2
966,tiena,0
966,christan,1
966,aloise,2
966,shirlee,2
967,truda,0
967,chandra,1
967,jesselyn,2
967,maynord,2
968,bronson,0
968,kamilah,1
968,yehudit,2
968,bridgette,2
969,gwenn,0
969,murdoch,1
969,christabel,2
969,norma,2
970,lebbie,0
970,jorrie,1
970,marcellus,2
970,joslyn,2
971,normie,0
971,pavia,1
971,crissy,2
971,barr,2
972,christy,0
972,marty,1
972,loretta,2
972,lynn,2
973,marv,0
973,deane,1
973,sharai,2
973,bonny,2
974,berni,0
974,pierrette,1
974,elfrieda,2
974,janessa,2
975,pascale,0
975,debby,1
975,orin,2
975,clayborne,2
976,theo,0
976,fancy,1
976,pepito,2
976,rae,2
977,chelsy,0
977,flore,1
977,dominic,2
977,guillemette,2
978,lorine,0
978,ira,1
978,verna,2
978,miguel,2
979,allan,0
979,shannah,1
979,amata,2
979,maxie,2
980,guillema,0
980,miquela,1
980,andriette,2
980,vic,2
981,del,0
981,uri,1
981,roanna,2
981,lydia,2
982,eda,0
982,corabelle,1
982,hale,2
982,lefty,2
983,marsh,0
983,truda,1
983,lynett,2
983,archon,2
984,leonie,0
984,sigmund,1
984,lorelle,2
984,pascal,2
985,shirleen,0
985,robbert,1
985,madelin,2
985,lorrayne,2
986,elwira,0
986,natalina,1
986,renault,2
986,raven,2
987,venkat,0
987,angelita,1
987,gerry,2
987,stan,2
988,marglerite,0
988,andra,1
988,annalee,2
988,arden,2
989,agustin,0
989,melisenda,1
989,rozina,2
989,stillmann,2
990,pascale,0
990,ruby,1
990,roselyn,2
990,esme,2
991,robinett,0
991,jillian,1
991,anett,2
991,andy,2
992,quinta,0
992,mylo,1
992,edmund,2
992,sheba,2
993,lyndon,0
993,perry,1
993,vivianne,2
993,lyn,2
994,carolie,0
994,pryce,1
994,dacey,2
994,demetria,2
995,calhoun,0
995,madona,1
995,emile,2
995,christy,2
996,elihu,0
996,kathe,1
996,mohan,2
996,ritchie,2
997,hattie,0
997,wendeline,1
997,myriam,2
997,meade,2
998,cassandry,0
998,laird,1
998,raimund,2
998,warden,2
999,xenos,0
999,vinnie,1
999,adolpho,2
999,florinda,2
